countryExistence of national screening program for cervical cancer,Most widely used screening method in national cervical cancer screening program,Type of national cervical cancer screening program,Coverage of national cervical cancer screening program (%),Existence of national HPV vaccination programme,Current health expenditure (CHE) as percentage of gross domestic product (GDP) (%),Current health expenditure (CHE) per capita in PPP int$,Current health expenditure (CHE) per capita in US$,Out-of-pocket expenditure (OOP) per capita in PPP int$,Out-of-pocket expenditure (OOP) per capita in US$,continent,Breast cancer deaths per 100000 women,Breast cancer new cases per 100000 women,Gdp pc usd inflation adjusted,Gni pc constant 2010 u,Prostate cancer deaths per 100000 men,Prostate cancer new cases per 100000 men
Afghanistan,No,,,,No,11.8,174.7,67.1,132.8,50.7,Asia,35.4,34.4,572.0,544.0,14.4,11.5
Albania,Yes,HPV test,Organized population-based screening,10 to 50,No,,,,0.0,0.0,Europe,12.0,28.6,4870.0,4880.0,21.0,36.0
Algeria,No,PAP smear,Organized population-based screening,10 to 50,No,6.4,974.8,258.5,317.3,84.1,Africa,14.4,31.1,4790.0,4700.0,7.57,11.7
Andorra,No,,,,Yes,10.3,5237.2,4040.8,2188.0,1688.1,,19.4,101.0,43900.0,,26.5,138.0
Angola,No,Visual inspection,Opportunistic screening,Less than 10,No,2.8,185.9,114.5,63.4,39.1,Africa,19.8,22.0,3410.0,3320.0,30.3,26.8
Antigua and Barbuda,No,PAP smear,Opportunistic screening,,No,4.5,1070.8,673.9,374.6,235.7,,22.5,64.4,14200.0,12700.0,77.3,195.0
Argentina,Yes,HPV test,Organized population-based screening,,Yes,9.1,1916.5,1324.6,287.8,198.9,Americas,23.8,65.7,10400.0,10100.0,27.0,66.1
Armenia,Yes,PAP smear,Organized population-based screening,10 to 50,Yes,10.4,1001.1,407.6,844.4,343.8,,22.6,60.7,4200.0,4320.0,16.4,33.8
Australia,Yes,HPV test,Organized population-based screening,more than 50 but less than 70,Yes,9.2,4816.2,5331.8,874.2,967.8,Oceania,17.6,94.8,56100.0,54600.0,23.8,174.0
Austria,Yes,PAP smear,Opportunistic screening,,Yes,10.4,5617.4,4939.9,1078.7,948.6,Europe,18.8,79.4,49100.0,48700.0,20.5,124.0
Azerbaijan,No,,,,No,6.7,1163.9,275.8,976.0,231.3,,11.8,37.5,5740.0,5330.0,10.2,22.6
Bahamas,No,PAP smear,Opportunistic screening,,Yes,5.8,1756.1,1771.5,544.1,548.9,,37.3,111.0,27100.0,26300.0,75.2,182.0
Bahrain,Yes,PAP smear,Opportunistic screening,Less than 10,No,4.7,2265.3,1127.2,692.1,344.4,Asia,21.7,58.0,22100.0,21000.0,14.3,27.1
Bangladesh,Yes,Visual inspection,Opportunistic screening,Less than 10,No,2.3,94.3,36.3,69.7,26.8,Asia,8.4,14.7,1130.0,1180.0,5.15,7.21
Barbados,No,,,,Yes,6.8,1343.2,1183.8,622.0,548.2,,31.1,97.2,16100.0,15700.0,74.9,201.0
Belarus,Yes,Visual inspection,Organized population-based screening,more than 50 but less than 70,No,5.9,1129.1,342.5,310.7,94.2,,14.1,42.2,6540.0,6280.0,19.2,59.3
Belgium,Yes,PAP smear,Organized population-based screening,more than 50 but less than 70,Yes,10.3,5119.1,4507.4,902.9,795.0,Europe,24.1,115.0,46700.0,47200.0,22.6,117.0
Belize,Yes,Visual inspection,Opportunistic screening,Less than 10,Yes,5.6,481.0,280.5,116.2,67.8,,14.9,26.1,4200.0,3820.0,53.9,71.3
Benin,No,Visual inspection,Organized population-based screening,10 to 50,Yes,3.7,84.7,30.8,38.1,13.8,Africa,16.4,15.7,863.0,857.0,32.9,24.4
Bhutan,Yes,PAP smear,Opportunistic screening,more than 50 but less than 70,Yes,3.2,290.4,96.8,38.6,12.9,,10.3,16.6,3070.0,2810.0,6.89,8.1
Bolivia (Plurinational State of),Yes,PAP smear,Organized population-based screening,10 to 50,Yes,6.4,491.7,220.3,123.3,55.2,,,,,,,
Bosnia and Herzegovina,Yes,PAP smear,Organized population-based screening,10 to 50,No,8.9,1172.4,460.5,341.6,134.2,Europe,18.8,42.5,5770.0,5750.0,19.4,33.9
Botswana,No,PAP smear,Organized population-based screening,,Yes,6.1,1044.3,465.9,31.3,13.9,Africa,17.9,37.0,7860.0,7580.0,39.4,64.1
Brazil,Yes,PAP smear,Organized population-based screening,70 or more,Yes,9.5,1472.2,928.8,404.2,255.0,Americas,15.5,42.6,11000.0,10800.0,30.2,64.9
Brunei Darussalam,Yes,PAP smear,Organized population-based screening,more than 50 but less than 70,Yes,2.4,1875.0,671.4,97.1,34.8,,,,,,,
Bulgaria,Yes,PAP smear,Organized population-based screening,10 to 50,Yes,8.1,1689.7,663.7,786.6,309.0,Europe,18.7,67.4,8330.0,8440.0,17.7,40.3
Burkina Faso,Yes,Visual inspection,Organized population-based screening,10 to 50,No,6.9,129.1,44.4,40.9,14.1,Africa,15.3,13.1,686.0,662.0,31.2,23.0
Burundi,No,Visual inspection,Opportunistic screening,,Yes,7.5,59.2,23.5,15.1,6.0,Africa,16.6,17.8,214.0,214.0,44.4,37.7
Cabo Verde,No,PAP smear,Opportunistic screening,10 to 50,No,5.2,357.1,167.6,103.2,48.4,,,,,,,
Cambodia,Yes,Visual inspection,Organized population-based screening,10 to 50,Yes,5.9,238.2,82.1,143.9,49.6,Asia,20.5,25.9,1140.0,1060.0,17.8,16.5
Cameroon,No,,,,No,4.7,173.9,67.8,123.4,48.1,Africa,20.0,21.4,1480.0,1450.0,35.7,27.3
Canada,Yes,PAP smear,Organized population-based screening,70 or more,Yes,10.6,4928.6,4754.9,700.8,676.1,Americas,19.8,93.0,51200.0,50700.0,22.1,107.0
Central African Republic,No,PAP smear,Opportunistic screening,Less than 10,No,5.8,42.0,24.2,13.1,7.5,Africa,21.9,26.9,371.0,386.0,29.7,28.3
Chad,No,,Opportunistic screening,Less than 10,No,4.5,87.3,29.7,50.7,17.3,Africa,14.0,14.1,817.0,809.0,30.0,23.5
Chile,Yes,PAP smear,Organized population-based screening,more than 50 but less than 70,Yes,9.0,2228.6,1382.0,747.3,463.4,Americas,12.6,40.5,14700.0,14200.0,29.4,77.2
China,Yes,PAP smear,Organized population-based screening,10 to 50,No,5.2,841.1,440.8,303.2,158.9,Asia,8.15,32.5,7310.0,7300.0,6.11,15.7
Colombia,Yes,PAP smear,Organized population-based screening,more than 50 but less than 70,Yes,7.2,1039.2,459.2,169.5,74.9,Americas,12.8,35.5,7610.0,7480.0,24.0,60.3
Comoros,,,,,No,7.4,123.2,58.8,91.9,43.9,Africa,19.1,20.9,1390.0,1390.0,46.8,42.9
Congo,No,,Organized population-based screening,,No,2.9,164.8,50.0,79.8,24.2,,,,,,,
Cook Islands,Yes,PAP smear,Organized population-based screening,Less than 10,Yes,3.3,691.9,588.7,46.0,39.2,,,,,,,
Costa Rica,Yes,PAP smear,Organized population-based screening,more than 50 but less than 70,Yes,7.3,1262.2,869.1,268.3,184.7,Americas,14.8,42.4,9730.0,9220.0,26.6,67.5
Croatia,Yes,PAP smear,Organized population-based screening,10 to 50,Yes,6.8,1772.5,902.1,194.5,99.0,Europe,22.9,76.1,15400.0,15100.0,26.3,74.2
Cuba,Yes,PAP smear,Organized population-based screening,70 or more,No,11.7,2485.8,987.6,260.6,103.5,Americas,18.0,50.7,6670.0,6450.0,40.3,103.0
Cyprus,Yes,PAP smear,Opportunistic screening,70 or more,Yes,6.7,2430.2,1731.7,1084.6,772.9,,21.7,99.3,30700.0,29700.0,23.2,111.0
Czechia,Yes,PAP smear,Organized population-based screening,more than 50 but less than 70,Yes,7.2,2753.4,1475.9,407.8,218.6,,,,,,,
CÃ´te d'Ivoire,Yes,Visual inspection,Opportunistic screening,10 to 50,No,4.5,175.7,69.7,69.1,27.5,,,,,,,
Democratic People's Republic of Korea,Yes,Visual inspection,Organized population-based screening,70 or more,No,,,,,,,,,,,,
Democratic Republic of the Congo,Yes,Visual inspection,Opportunistic screening,Less than 10,No,4.0,37.3,19.4,15.0,7.8,,,,,,,
Denmark,Yes,PAP smear,Organized population-based screening,more than 50 but less than 70,Yes,10.1,5510.0,5800.2,757.0,796.9,Europe,25.2,98.5,62700.0,64100.0,31.4,113.0
Djibouti,Yes,PAP smear,Organized population-based screening,10 to 50,No,3.3,117.2,70.3,31.1,18.6,Africa,15.2,17.0,1340.0,,45.3,40.2
Dominica,Yes,PAP smear,Opportunistic screening,more than 50 but less than 70,No,5.9,656.7,439.6,203.3,136.1,,27.3,67.0,6560.0,6830.0,127.0,251.0
Dominican Republic,Yes,PAP smear,Opportunistic screening,70 or more,Yes,6.1,985.7,433.2,441.0,193.8,Americas,12.7,28.7,7270.0,6930.0,48.8,85.5
Ecuador,Yes,PAP smear,Organized population-based screening,Less than 10,Yes,8.3,958.9,518.0,377.8,204.1,Americas,9.4,21.8,5210.0,5090.0,24.3,47.0
Egypt,No,,,,No,5.3,613.8,105.8,368.8,63.5,Africa,9.49,23.6,2820.0,2760.0,8.07,12.9
El Salvador,Yes,PAP smear,Organized population-based screening,10 to 50,No,7.2,582.7,282.5,170.1,82.5,Americas,10.9,25.2,3440.0,3250.0,19.4,36.8
Equatorial Guinea,No,PAP smear,,,No,3.1,758.9,301.2,582.8,231.3,Africa,18.9,36.7,11300.0,9100.0,30.7,41.8
Eritrea,No,Visual inspection,Opportunistic screening,Less than 10,No,2.9,59.3,32.9,35.0,19.5,Africa,22.1,22.3,716.0,710.0,49.0,41.4
Estonia,Yes,PAP smear,Organized population-based screening,more than 50 but less than 70,Yes,6.4,2153.3,1300.5,509.6,307.8,,16.1,56.1,19100.0,18500.0,29.0,116.0
Eswatini,No,Visual inspection,Organized population-based screening,10 to 50,No,6.9,600.1,224.7,63.0,23.6,,,,,,,
Ethiopia,Yes,Visual inspection,Opportunistic screening,Less than 10,Yes,3.5,66.7,25.3,22.9,8.7,Africa,16.7,15.6,548.0,340.0,45.1,37.4
Fiji,Yes,PAP smear,Organized population-based screening,10 to 50,Yes,3.5,322.8,188.4,50.3,29.4,,35.8,90.1,4660.0,3540.0,20.9,46.3
Finland,Yes,PAP smear,Organized population-based screening,70 or more,Yes,9.2,4255.2,4205.7,860.7,850.7,Europe,16.3,91.0,48000.0,48000.0,22.4,138.0
France,Yes,PAP smear,Organized population-based screening,more than 50 but less than 70,Yes,11.3,5011.2,4379.7,470.3,411.0,Europe,20.9,91.9,43000.0,44000.0,22.9,105.0
Gabon,No,PAP smear,Organized population-based screening,,No,2.8,499.6,204.5,125.7,51.4,Africa,25.1,36.1,9200.0,8920.0,33.1,37.3
Gambia,No,PAP smear,Opportunistic screening,,Yes,3.3,55.8,23.3,12.3,5.1,Africa,11.5,11.6,760.0,744.0,11.6,9.19
Georgia,Yes,PAP smear,Organized population-based screening,10 to 50,No,7.6,773.3,293.1,423.5,160.5,,18.6,49.2,4510.0,4270.0,12.8,26.1
Germany,Yes,PAP smear,Opportunistic screening,70 or more,Yes,11.2,5922.6,5033.5,750.6,637.9,Europe,21.0,97.0,46900.0,48100.0,21.4,128.0
Ghana,No,Visual inspection,Opportunistic screening,Less than 10,No,3.3,146.9,66.7,59.2,26.9,Africa,14.1,16.4,1740.0,1690.0,29.5,24.9
Greece,Yes,PAP smear,Opportunistic screening,,Yes,8.0,2295.3,1516.6,797.6,527.0,Europe,19.6,77.3,23100.0,23100.0,18.4,73.2
Grenada,No,PAP smear,Organized population-based screening,70 or more,Yes,4.8,721.1,497.2,377.9,260.6,,30.3,67.4,8780.0,6880.0,96.8,176.0
Guatemala,Yes,PAP smear,Opportunistic screening,10 to 50,Yes,5.8,474.8,259.9,257.1,140.7,Americas,8.93,16.4,3120.0,3060.0,23.9,34.3
Guinea,Yes,Visual inspection,Opportunistic screening,Less than 10,No,4.1,89.2,33.7,50.5,19.1,Africa,15.4,15.0,869.0,865.0,21.5,16.2
Guinea-Bissau,No,,,,No,7.2,123.3,52.4,88.8,37.7,Africa,22.2,20.7,614.0,616.0,35.0,25.5
Guyana,Yes,Visual inspection,Organized population-based screening,10 to 50,Yes,4.9,405.1,230.5,131.5,74.9,,20.3,39.6,3850.0,3760.0,61.2,92.9
Haiti,Yes,HPV test,Opportunistic screening,,No,8.0,146.1,62.4,58.8,25.1,Americas,31.5,38.9,729.0,734.0,64.1,63.9
Honduras,No,PAP smear,Opportunistic screening,10 to 50,Yes,7.9,394.8,195.9,192.3,95.4,Americas,10.9,16.6,2180.0,2020.0,21.9,33.0
Hungary,Yes,PAP smear,Organized population-based screening,10 to 50,Yes,6.9,1979.4,981.4,532.3,263.9,Europe,22.4,69.9,15800.0,15200.0,21.7,57.1
Iceland,Yes,PAP smear,Organized population-based screening,more than 50 but less than 70,Yes,8.3,4721.4,6086.3,778.1,1003.0,Europe,18.8,119.0,51300.0,35000.0,27.4,147.0
India,Yes,Visual inspection,Organized population-based screening,70 or more,No,3.5,253.3,69.3,158.1,43.2,Asia,12.1,21.6,1990.0,1970.0,6.7,9.01
Indonesia,Yes,Visual inspection,Organized population-based screening,Less than 10,Yes,3.0,367.9,115.0,127.3,39.8,Asia,14.6,34.6,4120.0,3990.0,14.0,24.3
Iran (Islamic Republic of),Yes,HPV test,Organized population-based screening,Less than 10,No,8.7,1748.4,475.5,730.1,198.5,,,,,,,
Iraq,No,Visual inspection,Opportunistic screening,,No,4.2,494.8,210.3,378.3,122.1,Asia,26.3,35.9,5640.0,4710.0,9.07,10.2
Ireland,Yes,PAP smear,Organized population-based screening,70 or more,Yes,7.2,5544.7,4976.9,680.9,611.2,Europe,22.1,101.0,71800.0,56800.0,25.5,122.0
Israel,Yes,PAP smear,Opportunistic screening,10 to 50,Yes,7.4,3014.6,3144.6,670.8,699.7,Asia,23.0,75.3,34200.0,33900.0,13.7,47.8
Italy,Yes,PAP smear,Organized population-based screening,70 or more,Yes,8.8,3619.7,2840.1,850.1,667.0,Europe,19.5,100.0,35100.0,35300.0,16.7,108.0
Jamaica,No,PAP smear,Organized population-based screening,10 to 50,Yes,6.0,542.9,307.2,93.5,52.9,Americas,28.1,63.9,4790.0,4640.0,62.0,113.0
Japan,Yes,PAP smear,Organized population-based screening,10 to 50,Yes,10.9,4563.5,4169.0,586.3,535.6,Asia,9.35,59.1,48400.0,50200.0,8.76,53.8
Jordan,No,,,,No,8.1,756.7,340.7,230.2,103.7,Asia,21.4,49.9,3260.0,3250.0,11.8,21.0
Kazakhstan,Yes,PAP smear,Organized population-based screening,70 or more,No,3.1,820.4,279.6,271.9,92.7,,14.7,40.3,10900.0,9680.0,10.2,22.4
Kenya,Yes,HPV test,Opportunistic screening,10 to 50,Yes,4.8,158.2,76.6,38.0,18.4,Africa,8.6,14.6,1160.0,1150.0,13.4,16.9
Kiribati,Yes,PAP smear,Opportunistic screening,10 to 50,No,10.8,234.9,171.4,0.3,0.2,,25.1,22.1,1750.0,2220.0,14.3,11.3
Kuwait,No,,,,No,5.3,3796.7,1529.1,479.0,192.9,Asia,20.6,63.0,33400.0,37700.0,8.39,25.7
Kyrgyzstan,No,PAP smear,Opportunistic screening,more than 50 but less than 70,No,6.2,241.2,78.8,136.0,44.4,,,,,,,
Lao People's Democratic Republic,Yes,PAP smear,Opportunistic screening,,Yes,2.5,177.9,62.1,82.2,28.7,,,,,,,
Latvia,Yes,PAP smear,Organized population-based screening,10 to 50,Yes,6.0,1682.3,930.4,706.4,390.6,,17.7,52.5,15400.0,15400.0,29.6,82.6
Lebanon,Yes,PAP smear,Opportunistic screening,more than 50 but less than 70,No,8.2,1185.3,719.4,393.8,239.0,Asia,24.4,94.5,6270.0,6270.0,24.4,73.5
Lesotho,No,Visual inspection,Opportunistic screening,10 to 50,No,8.8,265.5,104.6,44.2,17.4,Africa,21.9,34.7,1410.0,1580.0,38.4,47.7
Liberia,No,,,,Yes,8.2,104.7,56.6,47.6,25.8,Africa,19.1,19.3,548.0,497.0,31.6,24.3
Libya,No,,,,No,6.1,627.3,312.6,230.0,114.6,Africa,13.3,41.5,7090.0,12100.0,16.6,36.1
Lithuania,Yes,PAP smear,Opportunistic screening,10 to 50,Yes,6.5,2132.6,1078.2,688.3,348.0,,17.4,55.6,16900.0,16200.0,28.3,164.0
Luxembourg,No,,,,Yes,5.5,5956.5,5782.6,636.7,618.1,,21.7,119.0,109000.0,69600.0,18.9,110.0
Madagascar,Yes,Visual inspection,Opportunistic screening,Less than 10,No,5.5,85.5,24.7,21.1,6.1,Africa,15.2,18.5,481.0,468.0,38.8,39.6
Malawi,Yes,Visual inspection,Organized population-based screening,10 to 50,Yes,9.6,114.8,32.3,12.2,3.4,Africa,14.0,15.6,513.0,510.0,27.1,22.3
Malaysia,Yes,PAP smear,Opportunistic screening,10 to 50,Yes,3.9,1139.0,384.1,432.2,145.7,Asia,17.3,52.2,11700.0,11400.0,9.32,22.9
Maldives,Yes,PAP smear,Organized population-based screening,10 to 50,No,9.0,1506.9,1006.9,311.1,207.9,,10.5,23.2,7810.0,6230.0,6.78,12.3
Mali,No,HPV test,Organized population-based screening,Less than 10,No,3.8,84.2,31.4,29.6,11.0,Africa,17.4,17.9,764.0,729.0,15.4,11.9
Malta,Yes,PAP smear,Organized population-based screening,,Yes,9.3,3943.1,2585.6,1370.4,898.6,,20.5,83.0,27700.0,25400.0,14.1,87.4
Marshall Islands,Yes,PAP smear,Opportunistic screening,10 to 50,Yes,16.4,709.7,642.2,88.1,79.7,,20.2,39.5,2980.0,3940.0,19.0,26.4
Mauritania,No,PAP smear,Opportunistic screening,Less than 10,No,4.4,170.1,48.8,84.3,24.2,Africa,19.3,21.1,1320.0,1300.0,31.2,26.6
Mauritius,No,PAP smear,Organized population-based screening,10 to 50,Yes,5.7,1278.0,599.7,624.5,293.0,Africa,18.5,53.3,10200.0,11000.0,17.1,38.6
Mexico,Yes,PAP smear,Opportunistic screening,,Yes,5.5,1035.6,494.7,427.5,204.2,Americas,12.3,40.5,10300.0,10000.0,18.8,60.3
Micronesia (Federated States of),Yes,Visual inspection,Opportunistic screening,10 to 50,Yes,12.4,493.2,424.8,11.9,10.2,,,,,,,
Monaco,Yes,PAP smear,Organized population-based screening,70 or more,Yes,1.8,2991.1,2932.4,206.0,202.0,,,,186000.0,,,
Mongolia,Yes,PAP smear,Organized population-based screening,10 to 50,No,4.0,518.1,148.8,166.6,47.8,Asia,7.81,16.4,4000.0,3400.0,5.82,9.33
Montenegro,Yes,HPV test,Organized population-based screening,10 to 50,No,,,,,,Europe,21.1,63.0,7850.0,8040.0,21.4,48.5
Morocco,Yes,Visual inspection,Organized population-based screening,Less than 10,No,5.2,438.1,161.0,236.3,86.8,Africa,18.9,44.6,3310.0,3240.0,9.14,14.1
Mozambique,Yes,Visual inspection,Opportunistic screening,more than 50 but less than 70,No,4.9,61.8,21.1,4.6,1.6,Africa,11.7,11.1,589.0,570.0,15.0,11.0
Myanmar,Yes,Visual inspection,Opportunistic screening,Less than 10,No,4.7,287.6,58.0,219.3,44.2,Asia,19.7,16.7,1490.0,1450.0,15.7,19.8
Namibia,No,,,,No,8.6,895.4,447.3,69.2,34.6,Africa,16.0,26.5,6190.0,6000.0,24.3,31.5
Nauru,No,PAP smear,Opportunistic screening,,No,11.0,1309.6,1106.8,12.1,10.2,,,,10200.0,5730.0,,
Nepal,Yes,Visual inspection,Organized population-based screening,10 to 50,No,5.6,150.1,47.9,86.7,27.7,Asia,12.3,14.4,779.0,789.0,6.58,6.66
Netherlands,Yes,HPV test,Organized population-based screening,more than 50 but less than 70,Yes,10.1,5513.1,4911.4,611.2,544.5,Europe,23.4,117.0,53900.0,54300.0,25.6,137.0
New Zealand,Yes,HPV test,Organized population-based screening,70 or more,Yes,9.2,3767.5,3937.2,511.5,534.6,Oceania,22.0,98.6,37700.0,36200.0,22.9,151.0
Nicaragua,Yes,PAP smear,Organized population-based screening,10 to 50,No,8.6,506.2,192.1,165.0,62.6,Americas,8.73,17.4,1960.0,1900.0,18.5,29.7
Niger,No,,,,No,7.7,78.9,29.3,37.7,14.0,Africa,12.2,11.7,394.0,385.0,29.7,22.3
Nigeria,No,PAP smear,Organized population-based screening,Less than 10,No,3.8,221.1,73.9,170.7,57.1,Africa,25.2,38.1,2410.0,2350.0,50.8,58.6
Niue,Yes,PAP smear,Opportunistic screening,10 to 50,No,8.6,1106.5,1258.9,9.9,11.3,,,,,,,
Norway,Yes,HPV test,Organized population-based screening,70 or more,Yes,10.4,6518.9,7936.4,924.2,1125.2,Europe,16.9,83.8,91500.0,95300.0,30.9,158.0
Oman,No,,,,No,3.8,1590.8,587.6,106.5,39.3,Asia,10.5,27.9,16100.0,16000.0,8.32,16.5
Pakistan,No,,,,No,2.9,160.6,44.6,96.7,26.9,Asia,29.0,42.5,1160.0,1220.0,8.14,12.9
Palau,Yes,PAP smear,Organized population-based screening,more than 50 but less than 70,Yes,12.0,1777.8,1596.4,274.8,246.8,,,,12100.0,12800.0,,
Panama,Yes,PAP smear,Opportunistic screening,10 to 50,Yes,7.3,1794.8,1112.3,597.1,370.1,Americas,13.4,46.8,11500.0,10400.0,27.8,107.0
Papua New Guinea,No,PAP smear,Opportunistic screening,10 to 50,No,2.5,103.9,61.5,9.3,5.5,,22.9,29.1,2490.0,1800.0,18.2,20.6
Paraguay,Yes,PAP smear,Opportunistic screening,10 to 50,Yes,6.7,866.6,381.1,382.8,168.4,Americas,21.1,46.9,5270.0,5110.0,29.2,50.6
Peru,Yes,PAP smear,Organized population-based screening,10 to 50,Yes,5.0,681.2,332.6,192.0,93.7,Americas,9.69,22.2,6310.0,6030.0,23.5,46.6
Philippines,Yes,Visual inspection,Opportunistic screening,Less than 10,Yes,4.4,371.7,132.9,197.2,70.5,Asia,22.3,46.0,2880.0,3470.0,22.0,32.2
Poland,Yes,PAP smear,Opportunistic screening,10 to 50,No,6.5,1958.2,906.8,451.4,209.0,Europe,17.3,60.4,15800.0,15200.0,23.2,54.8
Portugal,Yes,PAP smear,Organized population-based screening,70 or more,Yes,9.0,2917.4,1908.0,803.2,525.3,Europe,17.1,62.1,23400.0,22800.0,24.6,90.5
Qatar,Yes,PAP smear,Organized population-based screening,Less than 10,Yes,2.6,3354.4,1649.2,298.6,146.8,,19.9,58.4,63600.0,62500.0,9.75,24.0
Republic of Korea,Yes,PAP smear,Organized population-based screening,10 to 50,Yes,7.6,2980.2,2283.1,1003.4,768.7,,,,,,,
Republic of Moldova,Yes,PAP smear,Opportunistic screening,70 or more,Yes,7.0,476.7,191.2,208.0,83.4,,,,,,,
Republic of North Macedonia,Yes,PAP smear,Organized population-based screening,10 to 50,Yes,6.1,926.9,328.4,295.7,104.8,,,,,,,
Romania,Yes,PAP smear,Organized population-based screening,10 to 50,Yes,5.2,1367.8,555.1,280.2,113.7,Europe,17.7,50.3,11000.0,10700.0,16.0,59.5
Russian Federation,Yes,PAP smear,Organized population-based screening,more than 50 but less than 70,No,5.3,1404.2,585.9,568.6,237.2,,,,,,,
Rwanda,No,Visual inspection,Opportunistic screening,Less than 10,Yes,6.6,134.4,49.2,8.4,3.1,Africa,16.0,17.7,780.0,761.0,46.4,39.2
Saint Kitts and Nevis,No,PAP smear,Opportunistic screening,10 to 50,No,5.0,1442.1,902.7,688.9,431.2,,,,,,,
Saint Lucia,No,PAP smear,Opportunistic screening,Less than 10,Yes,4.5,662.3,460.1,296.4,205.9,,,,,,,
Saint Vincent and the Grenadines,No,PAP smear,Opportunistic screening,more than 50 but less than 70,Yes,4.5,528.1,320.6,164.7,100.0,,,,,,,
Samoa,No,,,,No,5.5,364.0,233.1,43.2,27.6,,23.4,30.3,3850.0,3460.0,20.8,21.5
San Marino,Yes,HPV test,Organized population-based screening,70 or more,Yes,7.4,4369.7,3361.6,757.4,582.7,,,,53300.0,,,
Sao Tome and Principe,No,HPV test,Organized population-based screening,10 to 50,Yes,6.2,209.2,119.7,28.8,16.5,Africa,13.7,16.7,1290.0,1100.0,17.8,16.9
Saudi Arabia,No,,,,No,5.2,2826.3,1093.4,476.5,184.3,Asia,12.0,36.4,20700.0,21000.0,8.99,21.0
Senegal,Yes,Visual inspection,Opportunistic screening,10 to 50,Yes,4.1,143.1,55.0,75.0,28.8,Africa,18.3,16.9,1490.0,1450.0,37.3,24.1
Serbia,Yes,PAP smear,Organized population-based screening,10 to 50,No,8.4,1382.2,528.5,577.1,220.7,Europe,25.2,69.2,6560.0,6130.0,21.3,47.3
Seychelles,No,PAP smear,Organized population-based screening,70 or more,Yes,5.0,1485.5,791.7,365.4,194.7,,22.6,61.7,14000.0,10200.0,60.4,127.0
Sierra Leone,No,,,,No,13.4,205.4,66.4,103.5,33.5,Africa,19.6,21.3,467.0,452.0,29.8,24.9
Singapore,Yes,HPV test,Organized population-based screening,more than 50 but less than 70,Yes,4.4,4270.0,2618.7,1371.7,841.3,Asia,14.5,75.2,56700.0,52700.0,8.32,40.2
Slovakia,Yes,PAP smear,Opportunistic screening,10 to 50,Yes,6.7,2184.2,1186.1,408.7,222.0,,,,,,,
Slovenia,Yes,PAP smear,Organized population-based screening,70 or more,Yes,8.2,2960.6,1920.3,365.0,236.7,Europe,18.5,65.7,25700.0,25300.0,29.6,72.7
Solomon Islands,Yes,Visual inspection,Opportunistic screening,10 to 50,Yes,4.7,115.2,101.2,6.2,5.5,,31.8,34.6,1470.0,941.0,23.7,21.2
Somalia,Yes,PAP smear,,,No,,,,,,Africa,24.2,23.9,,,43.9,38.2
South Africa,Yes,PAP smear,Opportunistic screening,more than 50 but less than 70,Yes,8.1,1097.8,499.2,85.3,38.8,Africa,17.7,46.4,7480.0,7250.0,36.5,77.2
South Sudan,No,,,,No,9.8,175.8,22.9,33.7,4.4,,12.5,13.6,731.0,,36.8,33.8
Spain,Yes,HPV test,Organized population-based screening,more than 50 but less than 70,Yes,8.9,3468.7,2506.5,817.4,590.7,Europe,14.9,59.9,32300.0,32300.0,17.8,65.0
Sri Lanka,Yes,PAP smear,Organized population-based screening,more than 50 but less than 70,Yes,3.8,503.6,159.5,250.6,79.4,Asia,9.45,21.3,3850.0,3750.0,7.25,13.5
Sudan,No,,,,No,6.3,313.7,193.8,227.4,140.5,Africa,17.5,29.6,1950.0,1800.0,11.6,13.0
Suriname,No,Visual inspection,Opportunistic screening,10 to 50,Yes,6.2,946.4,339.3,249.7,89.5,,18.7,39.8,7970.0,8060.0,49.5,80.5
Sweden,Yes,PAP smear,Organized population-based screening,70 or more,Yes,11.0,5699.6,5904.6,856.8,887.6,Europe,18.6,96.7,57400.0,58200.0,31.4,154.0
Switzerland,Yes,PAP smear,Opportunistic screening,70 or more,Yes,12.3,8217.0,9956.3,2378.6,2882.0,Europe,18.9,88.2,77700.0,77700.0,22.8,132.0
Syrian Arab Republic,Yes,PAP smear,Organized population-based screening,,No,3.6,159.7,69.9,85.8,37.5,,,,,,,
Tajikistan,No,Visual inspection,Opportunistic screening,10 to 50,No,7.2,231.4,57.9,146.1,36.6,,7.81,13.5,1020.0,1090.0,6.6,8.47
Thailand,Yes,PAP smear,Organized population-based screening,more than 50 but less than 70,Yes,3.7,670.9,247.0,74.8,27.5,Asia,11.8,31.1,6130.0,5850.0,8.4,17.7
Timor-Leste,Yes,Visual inspection,Opportunistic screening,Less than 10,No,3.9,263.8,83.2,22.0,6.9,,13.8,20.4,2740.0,2780.0,14.6,16.3
Togo,No,Visual inspection,Organized population-based screening,Less than 10,No,6.2,103.7,38.0,60.6,22.2,Africa,19.5,19.0,660.0,660.0,33.8,26.1
Tonga,Yes,PAP smear,Opportunistic screening,Less than 10,No,5.3,335.3,222.0,35.6,23.6,,44.1,66.8,4090.0,3670.0,39.5,47.0
Trinidad and Tobago,Yes,PAP smear,Organized population-based screening,10 to 50,Yes,7.0,2205.8,1124.1,877.4,447.1,Americas,22.6,60.1,15300.0,15900.0,72.6,144.0
Tunisia,Yes,PAP smear,Organized population-based screening,10 to 50,No,7.2,863.3,250.6,337.7,98.0,Africa,17.5,41.8,4340.0,4010.0,14.6,24.3
Turkey,Yes,HPV test,Organized population-based screening,70 or more,No,4.2,1180.6,444.7,205.2,77.3,Europe,10.3,32.5,14900.0,14700.0,14.9,33.7
Turkmenistan,Yes,Visual inspection,Opportunistic screening,more than 50 but less than 70,Yes,6.9,1249.6,456.5,909.2,332.1,,11.2,33.8,7320.0,4070.0,6.31,13.4
Tuvalu,Yes,PAP smear,Opportunistic screening,10 to 50,No,17.1,694.3,622.2,3.6,3.2,,,,3590.0,4840.0,,
Uganda,No,Visual inspection,Opportunistic screening,10 to 50,Yes,6.3,122.7,38.9,47.3,15.0,Africa,27.7,33.0,694.0,675.0,75.5,64.2
Ukraine,Yes,PAP smear,Opportunistic screening,Less than 10,No,7.0,584.6,177.4,305.8,92.8,,18.0,46.9,2990.0,2900.0,15.3,38.1
United Arab Emirates,Yes,PAP smear,Opportunistic screening,Less than 10,Yes,3.3,2468.5,1357.0,465.8,256.0,,18.3,56.5,40700.0,41000.0,10.7,24.5
United Kingdom of Great Britain and Northern Ireland,Yes,PAP smear,Organized population-based screening,70 or more,Yes,9.6,4338.4,3858.7,692.3,615.7,,,,,,,
United Republic of Tanzania,No,,,,Yes,3.6,104.3,33.9,25.1,8.2,,,,,,,
United States of America,Yes,PAP smear,Opportunistic screening,Less than 10,Yes,17.1,10246.1,10246.1,1126.3,1126.3,,,,,,,
Uruguay,Yes,PAP smear,Organized population-based screening,70 or more,Yes,9.3,2101.9,1591.5,368.9,279.3,Americas,26.5,70.1,14400.0,13600.0,38.8,84.6
Uzbekistan,No,PAP smear,Organized population-based screening,,No,6.4,447.9,98.8,239.3,52.8,,13.3,32.7,2290.0,1640.0,6.03,9.99
Vanuatu,Yes,PAP smear,Opportunistic screening,10 to 50,Yes,3.3,110.4,105.7,9.9,9.5,,27.3,31.7,2860.0,2870.0,23.6,22.1
Venezuela (Bolivarian Republic of),Yes,PAP smear,Organized population-based screening,10 to 50,No,1.2,141.0,94.2,88.8,59.4,,,,,,,
Viet Nam,Yes,PAP smear,Organized population-based screening,10 to 50,No,5.5,375.6,129.6,170.0,58.6,,,,,,,
Yemen,No,,,,No,4.2,139.0,72.0,112.5,58.3,,20.0,26.6,703.0,1260.0,11.8,11.8
Zambia,No,Visual inspection,Organized population-based screening,more than 50 but less than 70,Yes,4.5,180.3,67.6,21.4,8.0,Africa,14.7,15.9,1660.0,1390.0,50.9,45.5
Zimbabwe,No,PAP smear,Organized population-based screening,10 to 50,Yes,6.6,201.0,110.1,41.5,22.7,Africa,26.7,28.3,1260.0,1150.0,78.2,62.9
